municipio_obs,geo_id,camas_x100k_2024,enfermeras_x100k_2024,mort_diab_hta_2024,mort_diabetes_2021,mort_diabetes_2024,camas_x100k_2023,mort_diabetes_2020,pobreza_pct_2020,mort_diab_hta_2023,mort_diab_hta_2022,mort_diab_hta_2020,carencia_salud_pct_2020,idx_marginacion_2020,camas_x100k_2022,mort_diab_hta_2021,camas_x100k_2021,mort_diabetes_2023,idx_rezago_2020,mort_diabetes_2022,camas_x100k_2020,enfermeras_x100k_2023,enfermeras_x100k_2021,enfermeras_x100k_2022,enfermeras_x100k_2020
Abasolo,11001,21.0588383944742,116.876553089332,13.898833340352944,151.775884735835,125.300088447121,21.1676050971593,103.985763598551,47.7769037516,12.277210956352397,10.96339503347561,12.43541090456894,24.46206019,55.5402606919792,21.28814569606914,16.35331715815688,21.37688517406129,102.662884721223,-0.540405,92.6034337779008,21.44036362856714,129.122391092672,129.330155303071,135.179725170039,137.21832722283
Acámbaro,11002,73.0480199421094,332.368490736598,21.0926157582841,249.048961383727,182.620049855274,73.03601588533346,174.728124857806,51.9105483996,17.98511891176336,26.39317613107088,19.56590981480639,20.3925879,56.9612217570423,73.06069517251457,28.28028499229134,72.98138062526797,159.766284749167,-0.842175,230.141189793421,72.80338535741912,360.615328433834,358.521032321629,366.216734552229,344.906038130773
Allende,11003,32.4913589790991,149.012094628282,10.25158395375023,129.286496618227,82.34878913668221,32.5780468899199,94.3396226415094,43.466392432,11.62699259691969,11.32681524893635,11.24166760817987,19.91513993,56.201217751103,32.68434250936857,16.8806386414191,32.74505154522769,94.9256883516632,-0.607835,86.2190414471274,32.76465936052423,160.081782131503,172.193805539559,169.620467160689,170.037283922721
Apaseo el Alto,11004,31.7304183655661,134.854278053656,13.644079897193444,160.402579021859,118.989068870873,31.64006264732404,158.039682042937,50.7421527587,13.447026625112716,13.5747320568876,16.89929273330413,26.50394227,56.7235853688555,31.56914431834325,17.92734706714892,31.45148608271741,121.814241192198,-0.697684,116.80583397787,31.29498654315579,166.110328898451,158.830004717723,161.002636023551,150.215935407148
Apaseo el Grande,11005,9.30023483092948,82.1520743398771,9.610242658627133,95.231893730974,72.8518395089476,9.454998148396196,91.6431366721157,41.1559721421,8.58828998479321,10.81947505509918,10.23761166427239,26.09208552,57.409175625332,9.61731116008816,10.66271630663042,9.76737371599733,69.3366530882388,-0.743184,94.5702264075336,9.907366126715212,95.3378979963283,93.6039981116411,92.9673412141855,97.4224335793663
Atarjea,11006,0.0,291.385904206884,9.105809506465125,74.1289844329133,54.63485703879071,0.0,111.690245718541,68.7772435897,7.326007326007325,9.223390518354549,11.16902457185406,9.314903846,49.6157618202359,0.0,9.26612305411416,0.0,54.9450549450549,0.816765,55.34034311012729,0.0,329.67032967033,352.112676056338,332.042058660764,353.685778108712
Celaya,11007,73.7770591412858,259.579235111354,12.725183173754944,119.262035729932,102.780325634175,76.41995422133198,124.45397941127,40.4969922484,14.111118645186,12.43822594936474,14.50389319997809,30.91543732,58.8389938098381,74.33276610574161,14.28523285116772,75.07704290063245,116.004390940295,-1.12077,106.957621054895,75.72996319259396,285.70433724474,270.913917898292,288.062639721502,268.359794754803
Comonfort,11009,21.795725616032,151.359205666889,15.862444753889932,151.884085922997,125.930859114851,21.76436448055717,126.132186531485,52.051214845,17.048752176436448,17.27616493300956,15.25598827571295,18.72817296,54.1045646023985,21.74622159399804,17.71981002434967,21.69772656042817,146.304894563745,-0.205953,143.766687204765,21.62266054825457,168.069259044303,165.143807709926,165.512908798763,147.75484707974
Coroneo,11010,0.0,290.196789698014,17.23043438831958,197.82393669634,154.16704452707,0.0,197.009044506134,52.4429024452,14.47178002894356,11.72967608048362,21.49189576430554,16.03088276,55.4795869955235,0.0,26.07679165542667,0.0,135.672937771346,-0.599197,90.2282775421817,0.0,298.480463096961,323.711896412193,324.821799151854,358.198262738426
Cortazar,11011,12.8553770086527,100.865265760198,17.008652657601974,155.624052450326,135.475896168109,12.92259366395292,151.06044431912,40.3287381244,18.48924939611725,16.09501054673051,17.9258393925356,27.61130386,57.5912510275716,12.99597124891284,17.77126276368237,11.04428759324893,149.106849968688,-0.884588,131.959092681269,11.07776591673548,107.356931977455,112.450928222171,113.964670952005,117.827146568914
Cuerámaro,11012,0.0,89.554912086928,8.955491208692797,122.345264610848,59.7032747246186,0.0,146.445512718474,51.8302713224,13.96266504780695,13.27775204570017,16.55471013339276,25.47234268,56.2000969935609,0.0,15.6852903347241,0.0,97.13158294126568,-0.63918,104.98687664042,0.0,109.273030808924,119.208206543903,111.162575266327,120.97672789787
Doctor Mora,11013,0.0,95.0957750305665,5.773672055427252,99.04492394764767,47.54788751528329,0.0,71.55635062611809,39.3661003641,8.606740799394085,8.032970103380833,7.871198568872988,23.20127301,55.5459682282103,0.0,9.904492394764768,0.0,75.7393190346679,-0.545608,69.851913942442,0.0,89.5101043136985,99.0449239476477,104.777870913663,114.490161001789
Dolores Hidalgo,11014,34.3806047548376,134.657368623114,9.569268323429808,107.334525939177,79.6484010153739,34.84401495969708,104.338805592077,53.0576928935,9.175590606053566,10.89427255703299,11.70042097390927,37.77985054,55.0125571352096,35.33277586064754,12.34347048300537,35.77817531305903,85.3678366512579,-0.432231,91.27633764000608,36.18686899147196,155.055866570652,152.653548002385,149.575417810075,159.825338045668
Guanajuato,11015,66.661476478717,211.662352322933,8.758442165086903,97.3558355790414,73.9601782829561,67.35562788228006,93.6116382036686,33.4334983247,9.587114917550814,10.78619962919332,10.72738772928526,18.98708025,58.5616972804428,66.60602535999563,12.14438773717939,67.24578333810075,80.1384477723478,-1.030786,90.464900115815,67.80518659076533,234.02393337201,242.887754743588,242.565226684163,245.414294750158
Huanímaro,11016,37.6967298086891,146.07482800867,15.078691923475638,234.785875281743,127.226463104326,37.66655680587598,140.377146600533,49.4217310454,16.008286642497293,19.76005645730417,15.44148612605868,13.34935639,56.1618594066586,37.63820277581745,29.11344853493614,37.56574004507889,127.124629219831,-0.671679,178.781463185133,37.43390576014225,178.916144827911,187.828700225394,197.600564573042,182.490290580693
Irapuato,11017,68.1757535129225,220.79832342968,11.454828275202248,124.010934154995,95.348428540746,68.57958423422465,118.831364167441,35.5083892839,11.980967937816812,11.26771700239192,13.81102987736271,25.12219342,58.7609194025885,68.36407245603284,14.50381553001015,57.45232864056532,101.150794884847,-1.038608,97.192295780866,66.31288713679568,224.888660472135,218.219507631888,223.377547591278,214.727444062005
Jaral del Progreso,11018,50.155481994182,220.684120774401,14.545089778312768,142.189721714402,120.373156786037,50.37656482204479,137.401083941884,54.972117575,12.594141205511196,12.65470375338513,17.5568051703519,15.95633673,56.9345416463024,50.61881501354054,17.26589477960593,50.78204346942921,93.1966449207828,-0.843632,98.706689276404,50.88929034884608,234.251026422508,276.762136908389,250.563134317026,264.624309814
Jerécuaro,11019,35.7596948506039,196.678321678322,18.674507310870943,247.307538891105,160.918626827718,35.8045073896525,171.379605826907,58.6753180256,15.913114395401108,22.72138401132083,18.93146808553038,13.63573584,53.9809899283802,35.87586949155921,26.72516952532908,35.89948145193458,141.228890259185,-0.247495,195.324178342933,35.8701500567944,210.848765739065,207.419226166733,211.269009228071,199.278611426636
León,11020,96.6308302581431,314.198736507333,8.793459567370432,92.7443475280108,71.1902930577041,92.66642006767772,105.292233028547,45.8862788678,8.696724343430192,9.50622688454412,12.17851627549698,26.72374925,59.0793372109962,108.0784016188954,10.72902695111274,104.8659491806079,70.0341128601373,-1.054585,79.87678060974461,105.1210261455738,343.375392160892,349.6659230205,343.815028515899,349.03376542146
Manuel Doblado,11008,38.8163302584711,212.348159649283,10.046579596310163,115.78997117066,86.765914695406,39.26550409978057,81.1068702290076,50.1558132054,11.54867767640605,10.75344227037894,10.25763358778626,25.33494817,55.7576546289023,39.74098230357435,12.52422137152039,40.17203081431069,99.318628017092,-0.493599,91.1704888140823,40.55343511450381,214.805404781153,219.764639160641,205.718026042032,240.935114503817
Moroleón,11021,78.3782066218993,252.081259135298,15.46380833350986,185.294365366799,131.336454339399,78.23898839102579,127.936241610738,46.8772382159,19.45401873506587,15.41450230161747,14.68120805369128,17.35594936,58.3975353685313,78.12829933696524,20.63505432493893,77.90785816558578,183.967351081601,-0.923447,143.587144727396,77.6006711409396,268.550041234061,263.202223532384,272.3932598505,278.942953020134
Ocampo,11022,0.0,130.996636572845,6.726854310497433,77.22575662854409,56.6471941936626,0.0,107.78665675525,51.2961871497,9.681930648689352,7.994476543479051,10.778665675525,21.50771584,54.7694574195741,0.0,9.561284154010222,0.0,82.4757055258723,-0.364146,69.0432065118645,0.0,150.607810090723,132.387011363218,145.354118972346,144.954469429474
Pueblo Nuevo,11024,0.0,170.450143333075,20.91888122724103,268.838459713766,209.18881227241,0.0,166.772554002541,43.2889357007,21.059199750409483,26.71695741002672,21.44218551461245,22.35593471,55.7310473337048,0.0,29.25595002767455,0.0,171.593479447781,-0.701691,204.306144900204,0.0,179.393183059044,213.489365066814,165.016501650165,214.421855146125
Purísima del Rincón,11025,34.0001133337111,170.000566668556,8.160027200090667,89.7519582245431,73.6669122230407,34.32297923459756,97.4578758879822,42.8597501131,6.7501859161375215,10.63153637256601,10.91997886455704,23.86855668,57.4725524094044,33.51245160917548,10.60704960835509,33.80268556508766,52.6285681597163,-0.718131,87.82573525163231,35.22573827276463,180.767690635547,172.510257366654,177.962674062518,167.909352433511
Pénjamo,11023,26.2183740862585,192.268076632562,14.919503349085169,159.150857258801,131.091870431292,26.35790266403088,178.737262584757,51.0809791922,14.685117198531488,15.59126888942192,20.1635986616968,21.22145004,55.2419593139735,26.51146936662837,18.83179466369078,26.63082073653241,126.768960431768,-0.463296,140.763277827574,26.71517803757935,211.490790423295,213.046565892259,205.779500321925,216.26572697088
Romita,11026,17.2082484871082,133.363925775088,10.32494909226489,111.028867505551,86.0412424355408,17.39281676667536,104.510368921602,49.9083178826,11.595211177783575,10.99432692730551,14.03424954090088,12.8319891,56.0025333976943,17.59092308368882,12.13915618060696,17.76461880088823,95.6604922167145,-0.57924,96.7500769602885,17.91606324370325,147.838942516741,148.038490007402,143.659205183459,144.821511219935
Salamanca,11027,59.8339878808977,281.038427925429,15.520573826075289,136.124365537365,131.997403567556,63.79169113223003,154.193930464676,37.0841033594,13.591979644651284,14.71723692938989,18.9221591483584,21.05067762,58.3158092065983,63.07387255452809,16.40008978415599,62.99372234973825,111.273006690879,-1.056396,117.810394139205,54.8887059265358,302.648080087569,278.403290154878,296.519699710368,276.249079169736
Salvatierra,11028,72.3743028651709,273.532291711014,20.647962876239944,240.051605807768,193.707692962663,72.22977566281442,247.462196200666,50.9652385795,24.21821889870836,22.69641948073986,26.53637167768838,21.62396027,56.6436237406066,72.11946377057525,26.22590230851391,71.90973213624778,224.12474507138,-0.73253,212.116069913457,71.60608230487342,283.608089734874,325.708786734769,284.235533684032,323.280400994061
San Diego de la Unión,11029,21.2264150943396,129.716981132075,12.971698113207546,117.283802867469,99.0566037735849,21.33206921071344,120.007680491551,39.6505511341,11.140080587817016,12.87185354691076,14.64093701996928,19.90098252,53.4163093212806,21.45308924485126,13.88257258431269,21.54192297565763,80.5878170182508,-0.144878,109.649122807018,21.60138248847926,137.473334913487,141.219272840422,145.404271548436,144.009216589862
San Felipe,11030,12.6056709762304,104.784639989915,6.696762706122417,93.61923834644,59.089082701080095,12.74575407067521,79.6747299683765,51.9080123915,7.647452442405124,8.541842942906644,9.281695346831492,22.26044854,53.9971522493502,12.89334783834965,11.64134876829646,13.02528533515688,65.3219896122104,-0.253882,62.8550707119545,13.1422234999384,113.118567377242,106.644523681597,113.622627825456,114.173066655715
San Francisco del Rincón,11031,20.7776575698738,150.458899643914,9.74400492932014,150.070949384486,84.54357218086591,21.03247704558971,123.062146383924,47.3035075202,10.951393220289814,13.14880926146297,13.80697252112317,27.42375644,57.6617426611668,21.30254014426962,16.71582357005416,20.05898828406499,92.833002132258,-0.751296,113.858404219372,20.26023141686552,160.281980243977,154.528502336501,152.056062409097,156.078819804001
San José Iturbide,11032,30.6416358547995,179.76426368149,5.821910812411906,77.55277897457991,46.9838416440259,31.19248884868524,73.30656367276819,24.2425907719,7.902097175000261,6.248345247550967,8.862435309692879,28.17717918,57.2411850613912,31.77124702144559,9.263248599741493,32.31365790607497,62.384977697370495,-0.930426,47.6568705321684,32.82383448034399,207.949925657902,216.501507970702,212.867355043685,203.507773778133
San Luis de la Paz,11033,52.8626598728359,241.552987474486,9.61806728241876,122.903247832123,71.2177501064595,53.45013176942207,123.998254839376,51.1327299329,9.502245647897256,8.787016244714648,13.54795747319112,28.44417329,55.0984879479621,51.82086503293254,12.9731206045019,52.34767963220065,69.7821164767455,-0.402081,78.10681106413021,52.81407150566029,262.054118258417,264.773046255624,268.116649518216,267.897464159146
Santa Catarina,11034,0.0,322.476620445018,8.061915511125443,67.6361176868448,80.6191551112544,0.0,85.7485851483451,47.1809352518,6.557377049180328,11.66277907364212,8.574858514834505,6.798561151,53.463378937803,0.0,10.14541765302672,0.0,49.180327868852494,-0.003255,99.9666777740753,0.0,393.44262295082,439.634764964491,416.527824058647,480.192076830732
Santa Cruz de Juventino Rosas,11035,23.0593718141657,129.860672848197,9.345113840477694,115.679375331373,82.5282780717511,23.00659926136708,131.975188664531,60.1925653551,12.108736453351092,9.912480054155989,14.75722564157938,29.42655034,56.1745084950172,22.96794158889802,12.77293102617246,22.89487636766762,106.55688078949,-0.594873,83.4098931386297,22.79571440569173,142.883090149543,136.164264712971,134.181132440404,127.176090894912
Santiago Maravatío,11036,0.0,340.993328391401,25.20385470719051,191.995273962487,237.212750185322,0.0,220.685596586729,53.9447824764,28.127313101406365,32.56846780162842,32.36722083272031,9.872223912,55.6898140782752,0.0,22.15330084182543,0.0,236.861584011843,-0.735575,281.273131014064,0.0,325.684678016284,369.221680697091,340.488527017024,367.809327644549
Silao,11037,43.5310559717735,198.868192544734,8.477100373450638,111.709440879927,71.9407977638784,44.13452202312649,85.4923781371356,43.2834822102,7.247353090113402,9.472374597070631,9.611854943101685,14.07594586,56.9524941709445,44.76992968764727,13.17598533455545,45.35212343415827,62.71747866444289,-0.780484,86.2410224509416,34.77656059815684,219.743462283567,211.961503208066,221.022073931648,206.244324658513
Tarandacuao,11038,0.0,259.461393933972,10.736333542095371,264.924055104203,89.4694461841281,0.0,166.754432157276,50.8071674708,19.60260179987525,24.86236902859173,16.67544321572758,24.70243368,56.6384969619746,0.0,30.90780642882374,0.0,178.205470907957,-0.746019,230.864855265495,0.0,320.769847634322,282.585658777817,310.779612857397,280.849569949096
Tarimoro,11039,21.2184706787258,214.837015622099,13.526775057687717,201.568969274352,114.049279898151,21.40983782047851,202.939885914875,49.947897717,14.986886474334955,18.6410914494124,22.21369021500658,12.99378191,56.1138010965813,21.61285965149264,22.33602091959032,21.79123992155154,115.077878285072,-0.627255,159.394839929758,21.93944712593243,219.450837659905,212.464589235128,221.5318114278,200.197455024133
Tierra Blanca,11040,0.0,136.863466893199,7.551087828590306,117.033208172819,66.0720185001652,0.0,113.138865659895,54.0475949598,5.7246445949813936,11.10145766965924,12.29770278911899,26.21921481,52.5499917148746,0.0,13.16623591944214,0.0,47.705371624845,0.325468,91.7076937928371,0.0,143.116114874535,146.291510216024,144.801621778164,147.572433469428
Uriangato,11041,98.5043752360001,297.154865295267,14.11896045049334,144.036251820683,123.130469045,98.05363533853016,117.355797054852,55.3282072222,11.276168063930967,12.85681736809556,13.66471609542795,27.00054287,57.7259982373562,97.64671418806756,16.18384851917786,97.10309111506716,98.0536353385302,-0.830709,117.176057025681,96.45681949713844,328.479678384076,325.295355235475,328.743937766494,321.522731657128
Valle de Santiago,11042,19.418732604052,172.826720176063,17.47685934364684,152.577778650898,161.175480613632,19.49634443541836,143.673447965938,46.9989815063,15.402112103980503,14.55822637715599,15.81063970766718,24.06461707,56.2909819677847,19.58505790648788,16.82939446921923,19.64520755161778,141.023558082859,-0.676837,133.831229027667,19.68129424190935,185.215272136474,188.593992495531,189.322226429383,192.876683570712
Victoria,11043,0.0,127.510360216768,9.563277016257569,106.215941627413,81.97094585363631,0.0,152.806075199111,49.6300207977,5.948295584534432,13.34314898316003,16.20670494536025,18.42769753,53.004785386498,0.0,12.46882793017456,0.0,54.907343857240896,0.091415,119.628232262814,0.0,160.146419583619,166.251039068994,161.038004969173,148.175588071865
Villagrán,11044,21.4629120879121,135.931776556777,12.44848901098901,124.139154080336,103.021978021978,21.69762194063531,147.598175149835,36.9578894535,13.163223977318752,12.58248108970138,16.3997972388705,21.24033144,57.7476757905276,21.94618794715358,13.44840835870304,22.16770608577425,115.720650350055,-0.995057,106.804781342814,22.36335987118705,151.883353584447,162.563177962344,158.012553219506,125.234815278647
Xichú,11045,0.0,232.954036376669,15.231610070782189,89.1821992330331,80.6379356688469,0.0,142.159040426477,61.3794007058,8.94934669769107,9.830205540661304,17.76988005330964,6.58507724899999,51.4984381356938,0.0,14.26915187728529,0.0,62.6454268838375,0.44792,71.4924039320822,0.0,241.632360837659,267.546597699099,241.286863270778,248.778320746335
Yuriria,11046,23.149487817582,153.365356791481,16.928062966606863,171.623063832242,160.599571734475,23.12606596710317,149.513362756796,58.5638603135,16.621859913855403,12.42612954962505,16.53272761253037,22.83002374,55.54535694064,23.11838055744195,19.32562231388272,23.07536992702414,150.319428786171,-0.50204,115.59190278721,23.00205580873791,160.437082646778,165.854221350486,158.938866332413,163.889647637258
