CVE_COL,ID_COL,COLONIA,CP,CLASIF,CVE_ENT,NOM_ENT,CVE_MUN,NOM_MUN,CVE_LOC,NOM_LOC,SUN_2018,NOM_SUN,POB_TOT,P6A14NAE,SBASC,PSDSS,OVSDE,OVSEE,OVSAE,OVPT,OVHAC,OVSREF,OVSINT,OVSCEL,IM_2020,GM_2020,IMN_2020,ENTIDAD,fn_COLONIA,NOM_ENT_etq,marginacion_z
11003_0001,21115.0,Acuarela,37770,Villa,11,Guanajuato,11003,San Miguel de Allende,110030001.0,San Miguel de Allende,,,25.6914978027344,5.85106380651751,21.5042738126559,26.0366715210029,0.0,0.0,0.0,1.24223599744248,11.3212880186977,2.20214576903772,17.2219095289948,7.84867307235771,150.763911457959,Bajo,0.961210471763624,Guanajuato,,Guanajuato,0.596629630101331
11003_0002,21116.0,Adolfo Lopez Mateos,37736,Colonia,11,Guanajuato,11003,San Miguel de Allende,110030001.0,San Miguel de Allende,,,2792.44996953011,7.03278722013882,39.2222560770783,41.4665865610803,0.285414388601281,2.67976146775051,25.3010407046013,9.78980243897071,34.9143215034583,9.83507615647849,52.6822039692588,8.93442311376303,141.47009459088,Muy alto,0.901956808145452,Guanajuato,,Guanajuato,-2.1121635950547177
11003_0003,21119.0,Allende,37760,Colonia,11,Guanajuato,11003,San Miguel de Allende,110030001.0,San Miguel de Allende,,,1285.83616256714,7.47435724855049,26.7523880401293,39.9416399828189,0.0,0.203035869712095,0.0946840640096836,3.2107581754108,18.8630530550358,4.17957186059945,22.8668601758061,7.03488107833971,148.305732050851,Medio,0.945538101865974,Guanajuato,,Guanajuato,-0.11983593183362257
11003_0004,21120.0,Allende,37700,Fraccionamiento,11,Guanajuato,11003,San Miguel de Allende,110030001.0,San Miguel de Allende,,,581.690586805344,4.25825441324805,13.3882620369322,37.1452584333916,0.0,0.0060692898237761,0.107396785704873,0.348088649606539,7.92837650662667,1.04149471992908,13.9458199271373,5.02006410272296,151.350522194103,Bajo,0.964950467475978,Guanajuato,,Guanajuato,0.7676042910610613
11003_0005,21123.0,Arboledas,0,Fraccionamiento,11,Guanajuato,11003,San Miguel de Allende,110030001.0,San Miguel de Allende,,,462.361053466797,4.60526331973313,19.4683637300668,32.3910482502922,0.0,0.0,0.0294898268464553,0.324388101771897,12.3267472987739,1.85785914947468,8.69949913291364,2.62459458287363,151.255155877367,Bajo,0.964342449937737,Guanajuato,,Guanajuato,0.7398086462385735
11003_0006,21124.0,Arcos de San Miguel,37700,Fraccionamiento,11,Guanajuato,11003,San Miguel de Allende,110030001.0,San Miguel de Allende,,,1660.03769874573,6.35694764172329,25.4941586161363,40.4805299761097,0.0,0.0117801186068514,0.0026854623613866,0.799623928483964,15.9798957975742,1.75552332584611,14.2445083081385,6.03394924159841,149.373910306203,Medio,0.952348379702529,Guanajuato,,Guanajuato,0.19149729785437447
11003_0007,21126.0,Azteca,37729,Colonia,11,Guanajuato,11003,San Miguel de Allende,110030001.0,San Miguel de Allende,,,146.662543296814,8.54433038328979,26.4230772410952,33.2371999635337,0.0,0.0290753981808318,0.0,1.5569805016311,13.0474762639506,1.82163758162689,16.474205755323,9.43263903387508,149.0850057767,Medio,0.950506439835002,Guanajuato,,Guanajuato,0.10729264400470759
11003_0008,21127.0,Balcones,37720,Fraccionamiento,11,Guanajuato,11003,San Miguel de Allende,110030001.0,San Miguel de Allende,,,670.916442871094,7.32729534828005,26.7391065024987,38.1103851047147,0.0,0.0,0.0,1.03698774956756,18.0561163815386,2.28796706839549,15.1290830748029,7.60838676066669,149.013963456762,Medio,0.950053502383311,Guanajuato,,Guanajuato,0.08658651672679069
11003_0009,21129.0,Bellavista,37735,Fraccionamiento,11,Guanajuato,11003,San Miguel de Allende,110030001.0,San Miguel de Allende,,,532.920166015625,4.25531918285018,13.3600000013735,37.0547383057915,0.0,0.0,0.108577635679259,0.325732907037778,7.86102119897876,1.02062983801844,13.9413684391121,5.03800258184174,151.367969357056,Bajo,0.965061703617116,Guanajuato,,Guanajuato,0.7726894737670712
11003_0010,21130.0,Bicentenario,0,Colonia,11,Guanajuato,11003,San Miguel de Allende,110030001.0,San Miguel de Allende,,,142.328460693359,6.31067947309685,39.3495937911974,34.6808031912946,0.508512026837945,5.37254022449779,46.8052171480388,15.1669243794149,34.4903819863298,15.6975457852533,71.9655102191764,11.2757011838934,137.147977639833,Muy alto,0.874400717079908,Guanajuato,,Guanajuato,-3.371895875427046
11003_0011,21133.0,Buenavista,37727,Colonia,11,Guanajuato,11003,San Miguel de Allende,110030590.0,Insurgentes,,,91.6223526000977,9.06921246349031,29.8861454615143,32.9136056168291,0.0,0.0,0.0,3.18181799256815,22.7972021275488,4.86013968544752,32.9370624421013,8.98601376036972,147.979420390702,Medio,0.943457669076981,Guanajuato,,Guanajuato,-0.21494333785881237
11003_0012,21136.0,Camino Real,37700,Fraccionamiento,11,Guanajuato,11003,San Miguel de Allende,110030001.0,San Miguel de Allende,,,93.2140731811523,5.07246360894807,24.3983712782425,44.960096235601,0.0,0.0,0.0,0.135547273543858,16.9095221155098,1.49102007318087,12.3009147233066,2.74483230072713,149.722394993581,Medio,0.954570178855375,Guanajuato,,Guanajuato,0.29306729581548624
11003_0013,21139.0,Capilla de Piedra,37700,Fraccionamiento,11,Guanajuato,11003,San Miguel de Allende,110030001.0,San Miguel de Allende,,,372.548088088632,8.19712684005975,25.8821255861241,34.3090352320933,0.0,0.0323160125711511,0.0,1.58427384635254,10.4461512742983,1.42321332107324,15.5844743112908,8.66579802954615,149.281358322109,Medio,0.951758305224936,Guanajuato,,Guanajuato,0.16452192368097543
11003_0014,21140.0,Caracol,37769,Colonia,11,Guanajuato,11003,San Miguel de Allende,110030001.0,San Miguel de Allende,,,426.81615447998,6.44245613307244,26.2833272731965,38.5656298859433,0.0,0.262160057571339,0.139818699239016,2.33560090934179,21.1293164070946,3.10763155157216,24.9266324107083,7.56879880041513,148.649570517485,Medio,0.947730278571444,Guanajuato,,Guanajuato,-0.01962013004981314
11003_0015,21142.0,Casco de Landeta,37700,Residencial,11,Guanajuato,11003,San Miguel de Allende,110030001.0,San Miguel de Allende,,,211.668496608734,5.13432545074694,24.4374526636598,44.6932551947254,0.0,0.0009032047906553,0.0,0.176017638038077,16.7288703313355,1.48910762961578,12.3926197249673,2.9102111734524,149.713762448376,Medio,0.954515141195707,Guanajuato,,Guanajuato,0.29055123806423455
11003_0016,21148.0,Club Colonial,0,Colonia,11,Guanajuato,11003,San Miguel de Allende,,,,,98.8420066833496,7.65753641105239,32.2830811568958,33.5929608714241,5.3351746614984,0.121046916226811,4.43940131841407,5.40150304410106,35.3078712310877,3.60816085900506,34.8146778586093,8.89577584918995,144.424015541647,Alto,0.920789828084912,Guanajuato,,Guanajuato,-1.2512082767475865
11003_0017,21149.0,Club de Golf Malanquin,37765,Residencial,11,Guanajuato,11003,San Miguel de Allende,110030001.0,San Miguel de Allende,,,259.369641132187,7.76812131705511,2.24763585726591,44.8494322591254,0.0,0.0,0.0,0.427395728114397,3.02253249357362,0.0195564035243485,3.17114055615421,0.703165766958115,151.383012294877,Bajo,0.965157611379254,Guanajuato,,Guanajuato,0.7770739165249537
11003_0018,21154.0,Del Tecolote,0,Barrio,11,Guanajuato,11003,San Miguel de Allende,110030001.0,San Miguel de Allende,,,69.9918632507324,9.47300151738741,28.200126924646,32.0254992208496,0.0,0.0079538206915978,0.0,1.7640324407951,16.9367163270538,2.59881475114601,17.1106807555655,11.0645425285609,148.550308932764,Medio,0.947097426360624,Guanajuato,,Guanajuato,-0.04855109695565711
11003_0019,21155.0,Deportiva,0,Colonia,11,Guanajuato,11003,San Miguel de Allende,110030001.0,San Miguel de Allende,,,427.619144290686,3.98009934881828,6.11246116768261,30.437243864406,0.0,0.0,0.0,0.274805365799972,6.41212490463995,0.1832035679075,5.41196228672488,0.82814460715737,152.906985540168,Muy bajo,0.97487385598909,Guanajuato,,Guanajuato,1.2212540054167582
11003_0020,21159.0,El Atrio,37790,Colonia,11,Guanajuato,11003,San Miguel de Allende,110030001.0,San Miguel de Allende,,,120.811126708984,3.98009959175244,6.11735331233904,30.4307981657796,0.0,0.0,0.0,0.274977082348697,6.41613205303507,0.183318059010552,5.40788288265531,0.824931247046092,152.907231465898,Muy bajo,0.974875423913304,Guanajuato,,Guanajuato,1.221325683389423
11003_0021,21160.0,El Capricho,37765,Fraccionamiento,11,Guanajuato,11003,San Miguel de Allende,110030001.0,San Miguel de Allende,,,29.1915168762207,7.9365079243798,2.06060602609271,45.4931086154754,0.0,0.0,0.0,0.42598507761038,2.98189546637718,0.0,3.0883918062673,0.638977629231482,151.317875571409,Bajo,0.964742325651467,Guanajuato,,Guanajuato,0.7580890454259736
11003_0022,21161.0,El Chorro,0,Barrio,11,Guanajuato,11003,San Miguel de Allende,110030001.0,San Miguel de Allende,,,75.9544239044189,5.9338887353925,22.0071880134328,27.4352596129325,0.0,0.0292124659477897,0.0155799815114888,1.36406960942488,12.4141954314053,2.3030439723377,18.0804457919633,7.81748677876524,150.526342522308,Bajo,0.959695827134777,Guanajuato,,Guanajuato,0.5273873443319052
11003_0023,21162.0,El deportivo,37700,Fraccionamiento,11,Guanajuato,11003,San Miguel de Allende,110030001.0,San Miguel de Allende,,,28.9322738647461,5.07246400010029,24.3983696797519,44.9600936149963,0.0,0.0,0.0,0.13554726798587,16.9095222426457,1.49101994784457,12.3009148947436,2.74483220626168,149.722395216454,Medio,0.954570180276325,Guanajuato,,Guanajuato,0.2930673607744708
11003_0024,21163.0,El deseo,37700,Unidad habitacional,11,Guanajuato,11003,San Miguel de Allende,110030001.0,San Miguel de Allende,,,146.10578918457,5.07246393736188,24.3983700199499,44.9600916214717,0.0,0.0,0.0,0.135547275803057,16.9095228465934,1.49102004553591,12.3009152118393,2.74483227357494,149.722395321375,Medio,0.954570180945254,Guanajuato,,Guanajuato,0.29306739135493726
11003_0025,21169.0,El Milagro,37765,Zona militar,11,Guanajuato,11003,San Miguel de Allende,110030001.0,San Miguel de Allende,,,24.4401702880859,0.0,0.0,10.2564099812638,0.0,0.0,0.0,0.0,10.2564099812638,0.0,0.0,0.0,155.761450979133,Muy bajo,0.993072787316139,Guanajuato,,Guanajuato,2.0532218344687485
11003_0026,21170.0,El Oasis,37732,Residencial,11,Guanajuato,11003,San Miguel de Allende,110030001.0,San Miguel de Allende,,,34.3959770202637,6.83760683760684,28.6917738298394,21.8869369237979,0.0,0.193423602180223,0.116054161308134,2.20502902094557,16.2862679622092,2.08897499136434,18.3365581014106,8.04642185069727,149.925220803755,Bajo,0.95586331519548,Guanajuato,,Guanajuato,0.3521832853323755
11003_0027,21171.0,El Obraje,37725,Colonia,11,Guanajuato,11003,San Miguel de Allende,110030001.0,San Miguel de Allende,,,448.542763710022,8.47946621569434,26.0913668207989,31.0953197166668,0.0,0.0440628650686075,0.0,1.21422332150917,16.9254089106124,2.19470306947717,18.6599289929189,9.98409950823509,149.107048467932,Medio,0.950646975228605,Guanajuato,,Guanajuato,0.11371724796747325
11003_0028,21172.0,El Paraiso,37700,Residencial,11,Guanajuato,11003,San Miguel de Allende,110030001.0,San Miguel de Allende,,,578.928712844849,8.04912435572739,25.8285397290938,34.7103933476048,0.0,0.0312421957909912,0.0,1.53543268382407,10.6607234984536,1.42487252599321,15.4730198055869,8.46535116008712,149.303249183776,Medio,0.951897872613885,Guanajuato,,Guanajuato,0.17090227511509692
11003_0029,21173.0,El Parque,37700,Villa,11,Guanajuato,11003,San Miguel de Allende,110030001.0,San Miguel de Allende,,,61.8894004821777,5.85106344339859,21.5042742436351,26.0366705118086,0.0,0.0,0.0,1.24223598652824,11.3212872693467,2.2021457702108,17.221908976475,7.84867310438085,150.763911614175,Bajo,0.961210472759594,Guanajuato,,Guanajuato,0.5966296756323309
11003_0030,21175.0,El Piche,38880,Fraccionamiento,11,Guanajuato,11003,San Miguel de Allende,110030244.0,Los Rodríguez,,,107.184844970703,10.0000001394401,40.2758616754162,27.3726278218689,0.30395137727117,0.354609921312806,0.60790275454234,2.07700109685655,24.2654512985879,8.15602864227995,64.1843962097033,13.3738601478461,146.311155731818,Alto,0.932821480056111,Guanajuato,,Guanajuato,-0.7011788716963248
11003_0031,21177.0,El Secreto,37765,Zona militar,11,Guanajuato,11003,San Miguel de Allende,110030001.0,San Miguel de Allende,,,30.3137642145157,0.839746539232851,0.924249544096625,13.3362004440655,0.0,0.0,0.0,0.0711648919187743,10.552474171835,0.0770953036915598,1.06154304721014,0.290589997955877,155.225893533511,Muy bajo,0.989658286989209,Guanajuato,,Guanajuato,1.8971272609333532
11003_0032,21178.0,El Suspiro,37765,Fraccionamiento,11,Guanajuato,11003,San Miguel de Allende,110030001.0,San Miguel de Allende,,,45.6617469787598,11.0169487421122,16.5374680991791,63.9834865585009,0.0,0.0,0.0,1.29449841089669,15.6418548642645,1.40237318506436,19.3095999881769,5.28586813753328,147.17687615369,Alto,0.938340967624959,Guanajuato,,Guanajuato,-0.4488543803505919
11003_0033,21179.0,Emiliano Zapata,37700,Fraccionamiento,11,Guanajuato,11003,San Miguel de Allende,110030001.0,San Miguel de Allende,,,84.3247222900391,3.28282821250242,27.2412077988472,42.3652693735117,0.0,0.788584304141133,0.037551634168042,3.15433721656453,20.3154338216183,4.50619606446438,22.7562900827043,6.04581299841535,148.700995330563,Medio,0.948058142636264,Guanajuato,,Guanajuato,-0.004631757967290658
11003_0034,21180.0,Estacion Ffcc,37755,Colonia,11,Guanajuato,11003,San Miguel de Allende,110030001.0,San Miguel de Allende,,,1341.43255132437,5.46080718227569,32.4117397478378,40.7864209914434,0.0031966726220468,0.488753684601447,1.33828024884286,4.71937935759593,25.5895113407517,5.69149780314184,27.9616798731899,7.34744233153981,147.481228062755,Medio,0.940281393813594,Guanajuato,,Guanajuato,-0.36014740439769194
11003_0035,21189.0,Fraccionamiento La Luz,37747,Residencial,11,Guanajuato,11003,San Miguel de Allende,,,,,414.683441162109,2.99401195871865,21.1775043100789,46.9664522108539,0.0,0.0,0.0,0.214745872852171,13.0994986475936,0.214745872852171,13.3858264011848,11.8110232951631,149.812666618913,Medio,0.955145714676467,Guanajuato,,Guanajuato,0.3193780323643571
11003_0036,21194.0,Guadalupe,37710,Colonia,11,Guanajuato,11003,San Miguel de Allende,110030001.0,San Miguel de Allende,,,1464.15281867981,7.55244173802402,24.3995225073034,38.762912687181,0.073099811069921,0.0076593291862138,0.073099811069921,1.3560854118122,12.5578364443541,1.69223258494032,14.2696733254445,9.17764696099962,149.10126201084,Medio,0.950610083089785,Guanajuato,,Guanajuato,0.11203071637419548
11003_0037,21195.0,Guadalupe-Mexiquito,37717,Fraccionamiento,11,Guanajuato,11003,San Miguel de Allende,110030001.0,San Miguel de Allende,,,125.454360961914,6.74486844553471,21.8791344514875,30.6770091922161,0.0,0.107719937240725,0.0,0.323159787523117,14.2549375064892,1.11310593749063,20.3231603634607,7.39676828175864,150.180515296111,Bajo,0.957490970892812,Guanajuato,,Guanajuato,0.4265918949708107
11003_0038,21198.0,Guadiana,37770,Colonia,11,Guanajuato,11003,San Miguel de Allende,110030001.0,San Miguel de Allende,,,304.928422927856,5.95547478465347,22.1450229244137,27.8150850301668,0.0,0.0371481526234334,0.0198123476581291,1.39716610092395,12.7110868914455,2.33045324225791,18.3136695766712,7.80901457827817,150.461936930844,Bajo,0.959285202812572,Guanajuato,,Guanajuato,0.508615570332585
11003_0039,21199.0,Guadiana,37760,Fraccionamiento,11,Guanajuato,11003,San Miguel de Allende,110030001.0,San Miguel de Allende,,,314.166342735291,5.34311660258952,22.388728876839,28.9895218861318,0.0,0.113372888953137,0.007972312720526,1.46412757255392,12.8171363044108,2.54494491582601,17.9582795733599,7.57112780132253,150.450635279997,Bajo,0.959213148001596,Guanajuato,,Guanajuato,0.5053215700649575
11003_0040,21200.0,Guanajuatito,37737,Colonia,11,Guanajuato,11003,San Miguel de Allende,110030001.0,San Miguel de Allende,,,527.394134521484,9.22183045390105,33.7154820226276,41.8586123502887,0.188658939713688,0.464834479626592,6.14044591234291,11.9773025660368,32.7441578242431,5.71014454050072,33.0829029554523,7.17069449669845,144.849608383391,Alto,0.923503238026566,Guanajuato,,Guanajuato,-1.127164192075046
11003_0041,21202.0,Hacienda Las Brisas,37700,Fraccionamiento,11,Guanajuato,11003,San Miguel de Allende,110030001.0,San Miguel de Allende,,,963.146585702896,4.26343322901767,13.3151155618752,37.085949372302,0.0,0.0,0.108177762257596,0.326102111571352,7.84305154577225,1.01687094789323,13.9013977481474,5.02180124633197,151.369241447483,Bajo,0.965069813957495,Guanajuato,,Guanajuato,0.7730602396192189
11003_0042,21203.0,Ignacio Ramirez,37700,Fraccionamiento,11,Guanajuato,11003,San Miguel de Allende,110030001.0,San Miguel de Allende,,,1030.53942370415,5.01478356381068,24.2846819926379,45.0018384413414,0.0,0.0002391129859265,0.0,0.137697490529345,16.7746518118678,1.45173019682863,12.3223474906607,3.02042887325562,149.727051956606,Medio,0.954599869791241,Guanajuato,,Guanajuato,0.2944246229580774
11003_0043,21204.0,Independencia,37732,Colonia,11,Guanajuato,11003,San Miguel de Allende,110030001.0,San Miguel de Allende,,,1312.089957105,6.28915620349386,29.3950210880375,26.6422942025274,0.0044746343652611,0.16184840220127,0.182780053034408,2.18165410605243,17.3509088558628,2.16112036337642,18.7860288454199,7.37613201592373,149.667084776743,Medio,0.954217543008333,Guanajuato,,Guanajuato,0.27694647669504646
11003_0044,21205.0,Infonavit Allende,37716,Colonia,11,Guanajuato,11003,San Miguel de Allende,110030001.0,San Miguel de Allende,,,49.5808372497559,6.74486811878203,21.8791355675908,30.6770105773324,0.0,0.107719924633236,0.0,0.32315976624585,14.2549362262462,1.11310589553063,20.3231594355992,7.39676829591831,150.180515252837,Bajo,0.957490970616914,Guanajuato,,Guanajuato,0.4265918823580941
11003_0045,21206.0,Infonavit La Luz,37746,Fraccionamiento,11,Guanajuato,11003,San Miguel de Allende,110030001.0,San Miguel de Allende,,,295.966785430908,3.34614314260493,20.8462680858713,44.067562631916,0.0,0.0,0.0058717194075848,0.236576745243094,12.945636319707,0.541906169583461,12.4527318578635,9.98191375891044,150.091886451061,Bajo,0.956925908782532,Guanajuato,,Guanajuato,0.4007599662316846
11003_0046,21207.0,Infonavit Malanquin,37755,Fraccionamiento,11,Guanajuato,11003,San Miguel de Allende,110030001.0,San Miguel de Allende,,,889.428539946675,4.254983475273,13.3633657668205,37.0561228331309,0.0,0.0002053517845713,0.108559138770552,0.326469480779479,7.86426419620322,1.02153737964287,13.9436634924885,5.03826455501825,151.36731091957,Bajo,0.965057505682736,Guanajuato,,Guanajuato,0.7724975643474215
11003_0047,21209.0,Insurgentes,37712,Fraccionamiento,11,Guanajuato,11003,San Miguel de Allende,110030001.0,San Miguel de Allende,,,4104.56897354126,6.43647653273966,15.1766193735377,29.6394364780098,0.0,0.0,0.0162747462537564,0.287655846994355,9.38921899000582,1.21630415935427,8.44331895731615,2.75817153089582,151.463825098431,Bajo,0.965672841531335,Guanajuato,,Guanajuato,0.8006277672090908
11003_0048,21210.0,Itzquinapan,0,Fraccionamiento,11,Guanajuato,11003,San Miguel de Allende,110030001.0,San Miguel de Allende,,,1150.77593314648,3.38280825405881,14.4663712417119,37.69178939336,0.0,0.0634847779793207,0.009424981536159,0.140634725796563,9.75896535441376,1.26709059992512,8.26273200703038,4.19955542817697,151.480588275993,Bajo,0.965779716854857,Guanajuato,,Guanajuato,0.8055135942553405
11003_0049,21213.0,Jardines 11,37744,Fraccionamiento,11,Guanajuato,11003,San Miguel de Allende,110030001.0,San Miguel de Allende,,,57.7080039978027,7.21649475142149,9.10493846666326,24.0786249356603,0.0,0.0,0.0,0.0,3.32512323729088,0.615763552862365,6.4197529419523,3.07881771247772,152.377048574844,Bajo,0.971495189599248,Guanajuato,,Guanajuato,1.0667975875682143
11003_0050,21215.0,Jesus Maria,0,Localidad,11,Guanajuato,11003,San Miguel de Allende,110030129.0,Jesús María la Petaca,,,186.71533203125,9.99999983990747,40.2758620094819,27.3726257845814,0.303951355998154,0.354609920737884,0.607902711996308,2.0770009921278,24.2654513749229,8.15602850137363,64.1843961077203,13.3738597936797,146.311155982674,Alto,0.932821481655466,Guanajuato,,Guanajuato,-0.7011787985813651
11003_0051,21217.0,La Aldea,0,Barrio,11,Guanajuato,11003,San Miguel de Allende,110030001.0,San Miguel de Allende,,,166.57373046875,5.38243622824765,24.2292346149907,40.1451051107746,0.0,0.0,0.0603136330819297,0.0,16.0735827332673,2.47285899214186,15.8323292028563,7.41857669016366,149.652902964906,Medio,0.954127125441461,Guanajuato,,Guanajuato,0.2728130193250615
11003_0052,21218.0,La Aurora,37715,Colonia,11,Guanajuato,11003,San Miguel de Allende,110030001.0,San Miguel de Allende,,,339.121841430664,6.89391493558355,22.3743320683554,32.3928566686656,0.016395004644009,0.08544980666086,0.016395004644009,0.535064487780218,13.8326877600721,1.2191788063773,18.8922859845169,7.77757120166716,149.964481600234,Bajo,0.956113626349789,Guanajuato,,Guanajuato,0.36362631041427246
11003_0053,21221.0,La Cañada,37796,Fraccionamiento,11,Guanajuato,11003,San Miguel de Allende,110030001.0,San Miguel de Allende,,,32.2080383300781,10.930185514929,2.79568077966758,44.5051837325053,0.0,0.0,0.0,0.517721395673639,1.8362303076129,0.162529043064545,3.02209938711932,1.37252198579041,150.628205074617,Bajo,0.96034526207589,Guanajuato,,Guanajuato,0.5570763941096254
11003_0054,21224.0,La Colina,37720,Fraccionamiento,11,Guanajuato,11003,San Miguel de Allende,110030001.0,San Miguel de Allende,,,118.669231414795,6.37663251014541,25.7949797401217,40.908095288676,0.0,0.0,0.0,0.684176813878076,17.6073553623465,1.9760533257859,14.0194881013944,5.7048608599039,149.300092944048,Medio,0.951877749690246,Guanajuato,,Guanajuato,0.16998235158804523
11003_0055,21227.0,La Escondida,37790,Residencial,11,Guanajuato,11003,San Miguel de Allende,110030001.0,San Miguel de Allende,,,29.6482067108154,3.98009961920958,6.11735326330384,30.4307992968953,0.0,0.0,0.0,0.274977079069819,6.41613231405491,0.183318061089864,5.40788278958601,0.824931287469364,152.907231369716,Muy bajo,0.974875423300081,Guanajuato,,Guanajuato,1.2213256553560317
11003_0056,21230.0,La Lejona,37765,Fraccionamiento,11,Guanajuato,11003,San Miguel de Allende,110030001.0,San Miguel de Allende,,,810.435037612915,9.27532691089626,18.9341764758037,57.1532393102118,0.0,0.129956042969671,0.0513426073914805,1.69237345867114,17.4530887566272,2.00368095399368,21.0938092253435,5.76098756230063,147.642178029755,Medio,0.941307546506334,Guanajuato,,Guanajuato,-0.3132366263573993
11003_0057,21234.0,La Mision,37755,Fraccionamiento,11,Guanajuato,11003,San Miguel de Allende,110030001.0,San Miguel de Allende,,,579.771852016449,4.25176022468754,13.3957448795094,37.0694737876128,0.0,0.0021806646098305,0.108381225753655,0.333554812180295,7.89546088486136,1.03026835641701,13.9657440951462,5.04078907320242,151.360972799941,Bajo,0.965017096363959,Guanajuato,,Guanajuato,0.7706502441605928
11003_0058,21237.0,La Palmita,0,Barrio,11,Guanajuato,11003,San Miguel de Allende,110030001.0,San Miguel de Allende,,,256.130328178406,6.44774742153231,22.7646275782754,28.4447053176785,0.0,0.0123005740291575,0.0019938364818503,1.34839469047227,11.2285400815745,2.00860482970596,16.8979043575189,8.06079451407559,150.343572867539,Bajo,0.958530560829426,Guanajuato,,Guanajuato,0.4741169593347463
11003_0059,21239.0,La Parroquia,37765,Fraccionamiento,11,Guanajuato,11003,San Miguel de Allende,110030001.0,San Miguel de Allende,,,146.857864379883,3.98009951783174,6.11735342870921,30.4307963954821,0.0,0.0,0.0,0.274977076351785,6.41613175448391,0.183318057665627,5.4078828127492,0.824931269641976,152.907231614873,Muy bajo,0.974875424863106,Guanajuato,,Guanajuato,1.2213257268099562
11003_0060,21240.0,La Parroquia Ii,37765,Fraccionamiento,11,Guanajuato,11003,San Miguel de Allende,110030001.0,San Miguel de Allende,,,123.817092895508,3.98009937379089,6.11735353467022,30.4307967106198,0.0,0.0,0.0,0.274977094950174,6.41613208713266,0.18331805928851,5.40788280316772,0.824931284850521,152.9072316032,Muy bajo,0.974875424788685,Guanajuato,,Guanajuato,1.221325723407715
11003_0061,21246.0,Landeta,37880,Conjunto habitacional,11,Guanajuato,11003,San Miguel de Allende,110030135.0,Palmita de Landeta,,,880.497700452805,6.25762079535113,36.1173143193565,29.4061650192939,0.0,0.0,0.0,0.894586677975434,24.5957369609235,4.33257163097384,18.4822131789195,5.13753275455043,149.090077770924,Medio,0.950538776843996,Guanajuato,,Guanajuato,0.10877093691584701
11003_0062,21247.0,Las Alamedas,37732,Colonia,11,Guanajuato,11003,San Miguel de Allende,110030001.0,San Miguel de Allende,,,415.437347650528,10.0291176800353,32.6975812832943,37.5414092675307,0.277956575942883,0.556374105628133,6.11881465558475,15.2862580431719,34.5747535048357,6.22668365871364,33.4671094624069,6.83760134151219,144.521142587469,Alto,0.921409071328428,Guanajuato,,Guanajuato,-1.2228994465366119
11003_0063,21249.0,Las Capillas,37700,Fraccionamiento,11,Guanajuato,11003,San Miguel de Allende,110030001.0,San Miguel de Allende,,,29.0034770965576,5.07246392645239,24.3983710967685,44.9600957115978,0.0,0.0,0.0,0.135547267256869,16.9095208681503,1.49101988087502,12.30091413512,2.74483223563976,149.722395033187,Medio,0.954570179107885,Guanajuato,,Guanajuato,0.2930673073591313
11003_0064,21250.0,Las Capillas 2Da Seccion,37700,Fraccionamiento,11,Guanajuato,11003,San Miguel de Allende,110030001.0,San Miguel de Allende,,,28.7585010528564,5.07246366984811,24.3983701842096,44.9600969366476,0.0,0.0,0.0,0.135547270182109,16.9095222339026,1.49102001659273,12.3009143045522,2.74483231408255,149.722395007169,Medio,0.954570178942006,Guanajuato,,Guanajuato,0.2930672997758763
11003_0065,21251.0,Las Cruces,0,Fraccionamiento,11,Guanajuato,11003,San Miguel de Allende,110030001.0,San Miguel de Allende,,,267.426147460938,8.16326499332558,34.3544871917727,28.6858982405609,8.01282049453271,0.0,6.57051307654211,6.73076961481316,40.5448720874767,3.68589752733647,38.3012819781308,9.6153851640188,142.708749071525,Muy alto,0.909853974292042,Guanajuato,,Guanajuato,-1.7511430462890607
11003_0066,21252.0,Las Flores,37736,Colonia,11,Guanajuato,11003,San Miguel de Allende,110030001.0,San Miguel de Allende,,,85.6161193847656,6.3106795893603,39.3495927810084,34.6808022964312,0.508512058725928,5.37254018891214,46.8052180559505,15.1669247789486,34.4903823134255,15.6975458393939,71.9655083706991,11.2757014382696,137.147977618886,Muy alto,0.874400716946355,Guanajuato,,Guanajuato,-3.3718958815322972
11003_0067,21253.0,Las Fuentes,37720,Fraccionamiento,11,Guanajuato,11003,San Miguel de Allende,110030001.0,San Miguel de Allende,,,39.060703754425,9.55835321690415,28.7430362107561,32.009506339385,0.0,0.0,0.0,1.74172150805333,18.9525065393208,2.91100914549055,17.3559122940968,11.410645962778,148.396365885505,Medio,0.946115946989008,Guanajuato,,Guanajuato,-0.09341962507914814
11003_0068,21254.0,Lindavista,0,Colonia,11,Guanajuato,11003,San Miguel de Allende,110030001.0,San Miguel de Allende,,,707.767932891846,6.4464251668189,30.990613346333,43.3346959358003,0.0,0.0699270027614983,0.0747984232282822,2.65149117498601,21.2324554574808,3.14122374165957,22.5859142504154,4.50739099099167,148.287931937192,Medio,0.945424615452135,Guanajuato,,Guanajuato,-0.1250239862117161
11003_0069,21258.0,Los Adobes,0,Fraccionamiento,11,Guanajuato,11003,San Miguel de Allende,,,,,43.3991930484772,6.53822261627306,10.693923940334,24.8695899467742,0.0,0.0,0.0,0.543310293614287,4.31097718275434,0.621250178266202,8.19644934704493,2.83459560671626,152.265983732797,Bajo,0.970787084534929,Guanajuato,,Guanajuato,1.0344264212333545
11003_0070,21259.0,Los Angeles,377,Colonia,11,Guanajuato,11003,San Miguel de Allende,110030001.0,San Miguel de Allende,,,145.292045593262,5.89225417411327,38.7535482099411,38.7826760335228,0.342798656217669,3.76572432174935,32.8002241619082,11.568173440304,33.0414593593583,11.6379128375092,60.8479082426516,10.5288189021693,140.151036119491,Muy alto,0.893547018273946,Guanajuato,,Guanajuato,-2.496618841159235
11003_0071,21268.0,Los Mezquites,37750,Colonia,11,Guanajuato,11003,San Miguel de Allende,110030001.0,San Miguel de Allende,,,91.4547271728516,3.28282815984996,27.2412097317991,42.3652669316385,0.0,0.788584322255377,0.0375516349809233,3.15433728902151,20.3154342160792,4.50619642813237,22.7562912510533,6.04581333479543,148.70099530335,Medio,0.948058142462765,Guanajuato,,Guanajuato,-0.0046317658988398415
11003_0072,21272.0,Luis Donaldo Colosio,37736,Colonia,11,Guanajuato,11003,San Miguel de Allende,110030001.0,San Miguel de Allende,,,1057.17643165588,10.8072228673013,38.4691498470132,41.5830219981578,0.0,0.142959735814695,1.36876939472764,5.37987721242112,30.6838151243723,5.64871490938398,29.2257722894246,6.66949324744505,145.7936081548,Alto,0.929521803456752,Guanajuato,,Guanajuato,-0.852024255285516
11003_0073,21273.0,Luminaria,37700,Fraccionamiento,11,Guanajuato,11003,San Miguel de Allende,110030001.0,San Miguel de Allende,,,93.8549984246492,8.19325996683753,25.8802440049619,34.3202195780396,0.0,0.0323058824079595,0.0,1.58309378711476,10.4479737618867,1.42262040179756,15.5810189426476,8.66011492650294,149.282077306413,Medio,0.951762889181632,Guanajuato,,Guanajuato,0.1647314801892915
11003_0074,21274.0,Manjarrez Nuevo Mexiquito,37717,Colonia,11,Guanajuato,11003,San Miguel de Allende,110030001.0,San Miguel de Allende,,,116.826736450195,6.74486779992946,21.8791349224211,30.6770099171135,0.0,0.107719933579891,0.0,0.323159800739673,14.2549376518589,1.11310596300144,20.3231609753138,7.39676852994842,150.180515327838,Bajo,0.957490971095092,Guanajuato,,Guanajuato,0.4265919042180249
11003_0075,21276.0,Mexiquito,37717,Colonia,11,Guanajuato,11003,San Miguel de Allende,110030001.0,San Miguel de Allende,,,1110.65914154053,6.61872154962887,23.118792416387,31.1819994640098,0.0051179365636352,0.10284535395493,0.0135109020146025,0.592415910961555,14.616576662281,1.28555702221764,19.6510084706598,7.43290630581339,150.039920367767,Bajo,0.95659459379504,Guanajuato,,Guanajuato,0.3856138345209036
11003_0076,21278.0,Mirador,37795,Fraccionamiento,11,Guanajuato,11003,San Miguel de Allende,110030001.0,San Miguel de Allende,,,48.0510063171387,7.93650833437867,2.0606060195309,45.493106974494,0.0,0.0,0.0,0.425985092445482,2.9818955848319,0.0,3.08839199808784,0.638977607524987,151.317875593661,Bajo,0.964742325793339,Guanajuato,,Guanajuato,0.7580890519115859
11003_0077,21279.0,Miraflores,37700,Residencial,11,Guanajuato,11003,San Miguel de Allende,110030001.0,San Miguel de Allende,,,36.6971817016602,6.60660652631425,30.9328161776466,43.3433072285437,0.0,0.0751314806034652,0.0751314806034652,2.8174303849678,21.5251689634559,2.9301278353099,22.1262220319471,4.50788887699669,148.238235069927,Medio,0.945107768079532,Guanajuato,,Guanajuato,-0.13950872797974426
11003_0078,21281.0,Montes de Loreto,0,Colonia,11,Guanajuato,11003,San Miguel de Allende,,,,,68.7587661743164,9.06921213512612,29.8861479349481,32.913604587765,0.0,0.0,0.0,3.18181821964507,22.7972016507572,4.86013968167456,32.9370622464798,8.98601394042774,147.979420348605,Medio,0.943457668808588,Guanajuato,,Guanajuato,-0.21494335012847837
11003_0079,21283.0,Nuevo Pantoja,0,Localidad,11,Guanajuato,11003,San Miguel de Allende,110030001.0,San Miguel de Allende,,,1237.76118066907,10.0783612123455,27.4630850696083,54.8577952958372,0.662067940068331,0.433072629560947,0.0985584771392732,2.37873216710217,23.2567825104221,7.15512050111601,33.5982482372319,9.47475886347215,145.631580171289,Alto,0.928488777761392,Guanajuato,,Guanajuato,-0.8992492340318747
11003_0080,21284.0,Nuevo Progreso,37730,Colonia,11,Guanajuato,11003,San Miguel de Allende,110030001.0,San Miguel de Allende,,,176.663223266602,6.60660671725518,30.9328196639292,43.3433084572796,0.0,0.0751314793899258,0.0751314793899258,2.81743060421432,21.5251698704234,2.93012761147904,22.1262212988481,4.50788869561309,148.238234670327,Medio,0.94510776553184,Guanajuato,,Guanajuato,-0.139508844447906
11003_0081,21285.0,Nuevo San Miguel,37717,Colonia,11,Guanajuato,11003,San Miguel de Allende,110030001.0,San Miguel de Allende,,,79.9263687133789,6.74486800062103,21.879135451725,30.6770080484893,0.0,0.107719921469717,0.0,0.323159783400865,14.2549365087237,1.11310589950107,20.3231593655831,7.39676833341599,150.180515463545,Bajo,0.9574909719603,Guanajuato,,Guanajuato,0.4265919437714358
11003_0082,21286.0,Ojo de Agua,0,Barrio,11,Guanajuato,11003,San Miguel de Allende,110030001.0,San Miguel de Allende,,,299.075904846191,6.3778904625528,25.5899544977799,36.8482894503028,0.0,0.226163650665047,0.120620618350964,2.18547423552253,19.782605350848,2.98330208215747,23.8687194562586,7.6072274277033,148.938473591509,Medio,0.949572209159413,Guanajuato,,Guanajuato,0.06458409958323137
11003_0083,21287.0,Olimpo,37736,Colonia,11,Guanajuato,11003,San Miguel de Allende,110030001.0,San Miguel de Allende,,,2756.729965657,5.58583724808768,33.8408355131396,42.7170995143371,3.68202420109431e-05,0.0568130656892809,0.0761765257175386,2.76046590768021,20.9684816043874,5.0303273243354,26.7275505831081,6.66190530720272,148.055456909647,Medio,0.943942447546442,Guanajuato,,Guanajuato,-0.19278159200902076
11003_0084,21288.0,Palmita de Landeta,37700,Colonia,11,Guanajuato,11003,San Miguel de Allende,110030001.0,San Miguel de Allende,,,1392.38655090332,7.05882055319714,33.1933235342846,37.2533968408314,0.0,0.0,0.0,1.08365301002108,25.9540745490437,4.6544573497864,17.3607230018951,2.91418290847458,148.61686822181,Medio,0.947521781798246,Guanajuato,,Guanajuato,-0.029151602235935062
11003_0085,21292.0,Paseo Real,37765,Residencial,11,Guanajuato,11003,San Miguel de Allende,110030001.0,San Miguel de Allende,,,125.717359781265,6.30923194617295,4.14675618429565,44.5969430934281,0.0,0.0,0.0,0.224212582558168,4.04269129593886,0.196549277180302,7.46428316947434,1.90896369130001,151.453302689106,Bajo,0.965605754853009,Guanajuato,,Guanajuato,0.7975608861311149
11003_0086,21293.0,Pedregal,0,Villa,11,Guanajuato,11003,San Miguel de Allende,110030001.0,San Miguel de Allende,,,410.377807617188,5.38149857008294,8.35283245217905,40.6458888977835,0.0,0.0,0.0624883426430464,0.368288188120819,5.7899182451031,0.587390406294038,9.33447111403214,3.17069394077906,151.46000817684,Bajo,0.965648506364066,Guanajuato,,Guanajuato,0.7995152801120804
11003_0087,21294.0,Pedro Moreno,37736,Colonia,11,Guanajuato,11003,San Miguel de Allende,110030001.0,San Miguel de Allende,,,281.284301757812,6.31067932669763,39.3495941260189,34.6808055537965,0.508512071216751,5.37254059326796,46.8052223850459,15.1669249888619,34.4903830161132,15.6975465167351,71.9655145029616,11.2757027144091,137.147976459407,Muy alto,0.874400709553983,Guanajuato,,Guanajuato,-3.371896219476208
11003_0088,21295.0,Peña de La Cruz,37755,Fraccionamiento,11,Guanajuato,11003,San Miguel de Allende,,,,,87.4739646911621,3.95596677390849,16.6657951792805,38.3931638771713,0.0,0.198215819483706,0.0907247848321756,1.03672108694331,10.9915190347978,1.89674962278951,16.1570559013695,5.29132214629296,150.722624148265,Bajo,0.960947240370612,Guanajuato,,Guanajuato,0.5845959536922096
11003_0089,21299.0,Providencia,37737,Colonia,11,Guanajuato,11003,San Miguel de Allende,110030001.0,San Miguel de Allende,,,691.426009654999,6.83636194226008,28.7048175942003,22.011347344014,0.0,0.19273211028028,0.115814943145508,2.20860896286843,16.3168923702998,2.0938920533545,18.3587106123073,8.02573664876659,149.915414284282,Bajo,0.955800792744865,Guanajuato,,Guanajuato,0.3493250588479601
11003_0090,21303.0,Puente Viejo,37710,Colonia,11,Guanajuato,11003,San Miguel de Allende,110030001.0,San Miguel de Allende,,,122.262336730957,7.5268811131744,24.2194889509164,39.0891072662011,0.0793021418545359,0.0,0.0793021418545359,1.34813641152711,12.2125296503608,1.62633871992791,13.4020614853223,9.23869928200629,149.117180292864,Medio,0.950711571696875,Guanajuato,,Guanajuato,0.11667028858864747
11003_0091,21307.0,Recidencial La Luz,37712,Fraccionamiento,11,Guanajuato,11003,San Miguel de Allende,,,,,108.328207969666,3.02866030964308,21.1458166571825,46.687538237287,0.0,0.0,0.000565085513108,0.216846847300895,13.0846909111352,0.24623129549132,13.2960267609161,11.6349929141245,149.839346976178,Bajo,0.955315817976027,Guanajuato,,Guanajuato,0.32715433913237607
11003_0092,21310.0,San Angel,37790,Colonia,11,Guanajuato,11003,San Miguel de Allende,110030001.0,San Miguel de Allende,,,117.003440856934,3.98009948460386,6.11735323052153,30.4307970689641,0.0,0.0,0.0,0.274977075810803,6.41613210853636,0.183318054785756,5.4078826607546,0.824931227432409,152.907231579918,Muy bajo,0.974875424640249,Guanajuato,,Guanajuato,1.2213257166219043
11003_0093,21311.0,San Antonio,37750,Colonia,11,Guanajuato,11003,San Miguel de Allende,110030001.0,San Miguel de Allende,,,3297.70947265625,6.42399932610575,26.7417634166848,40.5162128415281,0.0,0.0854093242378187,0.0429411460635174,1.06221232453917,17.3835612375563,3.16535901315547,20.3889585842227,8.07745365784094,148.873009899251,Medio,0.949154838809237,Guanajuato,,Guanajuato,0.04550392954993874
11003_0094,21315.0,San Felipe Neri,37733,Colonia,11,Guanajuato,11003,San Miguel de Allende,110030001.0,San Miguel de Allende,,,489.188201904297,6.24730102023203,29.3023532585661,26.1591982419566,0.0,0.15793719843849,0.0877419818475023,1.98301268901854,17.0167475164163,2.09418006902627,18.5317550700047,7.42900801510377,149.767381685426,Medio,0.954856996031136,Guanajuato,,Guanajuato,0.30617920105686963
11003_0095,21317.0,San Javier,37755,Fraccionamiento,11,Guanajuato,11003,San Miguel de Allende,110030001.0,San Miguel de Allende,,,506.095513105392,4.24759301009199,13.4377031609555,37.0867645750727,0.0,0.0047393497911363,0.108150764281773,0.342732665599124,7.93587117681583,1.0415778356259,13.994344376311,5.04405884671954,151.352760126426,Bajo,0.96496473563845,Guanajuato,,Guanajuato,0.7682565629964347
11003_0096,21318.0,San Jorge,37727,Residencial,11,Guanajuato,11003,San Miguel de Allende,110030591.0,Colonia San Luis Rey,,,36.6130599975586,9.06921281891724,29.8861501748385,32.9136063600411,0.0,0.0,0.0,3.18181812853945,22.7972016569468,4.86013976086837,32.9370641101058,8.98601427563172,147.979419868865,Medio,0.943457665749955,Guanajuato,,Guanajuato,-0.21494348995439772
11003_0097,21319.0,San Jose,0,Barrio,11,Guanajuato,11003,San Miguel de Allende,110030001.0,San Miguel de Allende,,,65.468391418457,9.84848502507476,28.9840625570507,31.2603643079479,0.0,0.0,0.0,1.82270092417347,19.0555088506997,2.98260139641045,17.6126874574059,11.8475553698238,148.320509578026,Medio,0.94563231747586,Guanajuato,,Guanajuato,-0.11552884615841512
11003_0098,21324.0,San Luis Rey,37727,Colonia,11,Guanajuato,11003,San Miguel de Allende,110030591.0,Colonia San Luis Rey,,,1948.29272460938,9.06921260028573,29.8861480835787,32.9136059064098,0.0,0.0,0.0,3.18181830997617,22.7972031301945,4.86013982782652,32.937062284224,8.98601455450968,147.979420028384,Medio,0.943457666766985,Guanajuato,,Guanajuato,-0.21494344346069075
11003_0099,21327.0,San Martin,37738,Colonia,11,Guanajuato,11003,San Miguel de Allende,110030001.0,San Miguel de Allende,,,769.275959014893,9.79440336759391,39.9057481305461,40.7563161061863,0.0648062629741705,0.211408744526697,1.62690884051289,6.02316439408374,33.2079053416631,6.83299206978158,31.4781448863206,6.96223554452579,145.634991168232,Alto,0.928510524915258,Guanajuato,,Guanajuato,-0.8982550584910372
11003_0100,21330.0,San Miguel Tres Cruces,37760,Colonia,11,Guanajuato,11003,San Miguel de Allende,,,,,390.573239326477,7.41037113852584,30.5144912702879,39.6283629844649,2.52776347651209,0.237941383550095,2.19966813043238,4.29243585358379,29.6301807214687,3.85203230047548,30.9495151671221,7.99503535888614,146.042199065902,Alto,0.931106719797975,Guanajuato,,Guanajuato,-0.7795694839618299
11003_0101,21333.0,San Rafael,37730,Colonia,11,Guanajuato,11003,San Miguel de Allende,110030001.0,San Miguel de Allende,,,3431.04025840759,6.69144360195902,31.8937363313007,40.5674451690295,0.0,0.0687819015687717,0.0136316366679766,2.22784192368326,19.8237048690156,3.12196433003865,24.0960026343006,7.12928467400803,148.27800771821,Medio,0.945361342596469,Guanajuato,,Guanajuato,-0.12791651761489575
11003_0102,21335.0,San Ricardo,37717,Colonia,11,Guanajuato,11003,San Miguel de Allende,110030001.0,San Miguel de Allende,,,64.0773620605469,6.74486764030138,21.8791364891149,30.6770089095736,0.0,0.107719931393469,0.0,0.323159794180408,14.2549375482539,1.1131059656289,20.3231598368209,7.39676863814434,150.180515339779,Bajo,0.957490971171218,Guanajuato,,Guanajuato,0.4265919076983662
11003_0103,21337.0,Santa Cecilia,0,Colonia,11,Guanajuato,11003,San Miguel de Allende,,,,,729.709133148193,8.9340694204066,29.282250623296,32.757096730262,0.0,0.0074092354756719,0.0,2.98519263765136,22.2096454122076,4.60240993125545,32.0694483644355,8.8767016934152,148.129096271851,Medio,0.944411942702141,Guanajuato,,Guanajuato,-0.1713185259409118
11003_0104,21338.0,Santa Cruz de La Paz,37736,Colonia,11,Guanajuato,11003,San Miguel de Allende,110030001.0,San Miguel de Allende,,,510.521932601929,9.91253406961839,32.8948274404908,37.5402820642517,0.28073553786303,0.666148486912461,7.02644833088859,15.1819807143736,34.4709109605372,6.43770065282156,34.3122222001238,6.9645440975554,144.368941180689,Alto,0.920438695960745,Guanajuato,,Guanajuato,-1.2672603528726591
11003_0105,21340.0,Santa Julia,37734,Colonia,11,Guanajuato,11003,San Miguel de Allende,110030001.0,San Miguel de Allende,,,885.772789955139,6.66546513549607,30.0894727399491,35.1589363551292,0.0,0.119354610376723,0.0895121975952083,2.5652569212758,19.5184654624617,2.60151635361575,20.6555540251283,5.85618471906388,148.891341001262,Medio,0.94927171059269,Guanajuato,,Guanajuato,0.05084674678500868
11003_0106,21343.0,Serena,37790,Residencial,11,Guanajuato,11003,San Miguel de Allende,110030001.0,San Miguel de Allende,,,21.3079237937927,6.22759780526697,4.15511745264488,38.2004267336348,0.0,0.0,0.0,0.414479047341339,3.81480559935255,0.180305246799811,4.08060584923086,1.16723745408042,152.018329781611,Bajo,0.969208141875827,Guanajuato,,Guanajuato,0.9622447379970426
11003_0107,21344.0,Sin Nombre,0,Fraccionamiento,11,Guanajuato,11003,San Miguel de Allende,110030001.0,San Miguel de Allende,,,72.9360885620117,8.16326503001799,34.3544859799535,28.6858965474354,8.01282042900334,0.0,6.57051268640534,6.73076902960801,40.5448698670768,3.68589720120935,38.3012797546915,9.61538451480401,142.708749560952,Muy alto,0.909853977412431,Guanajuato,,Guanajuato,-1.7511429036397586
11003_0108,21345.0,Sin Nombre,37750,Fraccionamiento,11,Guanajuato,11003,San Miguel de Allende,110030001.0,San Miguel de Allende,,,83.8647079467773,3.28282827551329,27.2412090436077,42.3652713138031,0.0,0.788584356513809,0.0375516344219452,3.15433742605524,20.3154352430788,4.50619607678869,22.7562908769955,6.04581318456026,148.700994962259,Medio,0.948058140288104,Guanajuato,,Guanajuato,-0.004631865313862683
11003_0109,21346.0,Sin Nombre,0,Sin clasificar,11,Guanajuato,11003,San Miguel de Allende,110030001.0,San Miguel de Allende,,,304.895572662354,3.47993098786271,24.6725789651553,42.6447311188447,0.0,0.718183828291736,0.034199229213756,2.91076491307325,18.7679899498704,4.10390754512501,21.0004469508336,5.56312017868345,149.006639748165,Medio,0.950006809342998,Guanajuato,,Guanajuato,0.08445193493823423
11003_0110,21347.0,Sin Nombre,37747,Sin clasificar,11,Guanajuato,11003,San Miguel de Allende,110030001.0,San Miguel de Allende,,,646.996688313782,4.93291870888293,24.3858799944169,45.1637681617903,0.0115775280656776,0.171106625739295,0.100748952610001,1.42333623020071,18.6897192274528,1.7490908110992,20.2471426544243,9.73721996523555,148.839656708761,Medio,0.948942192190723,Guanajuato,,Guanajuato,0.035782746345146596
11003_0111,21352.0,Tierradentro,37732,Colonia,11,Guanajuato,11003,San Miguel de Allende,110030001.0,San Miguel de Allende,,,61.3457794189453,10.0294990092872,32.6968970875165,37.5417126236291,0.277932166542058,0.555864333084115,6.11450785846484,15.2862704243204,34.5747645137413,6.22568099743706,33.4630346803357,6.83713131638857,144.52192438387,Alto,0.92141405574996,Guanajuato,,Guanajuato,-1.2226715826971657
11003_0112,21353.0,Valle del Maiz,37769,Barrio,11,Guanajuato,11003,San Miguel de Allende,110030001.0,San Miguel de Allende,,,998.186847686768,6.77312710280812,28.7949930002369,41.8126661373596,0.758101747020057,0.322903583156017,0.793594377437474,3.11138915574162,26.1347467068588,3.4441548043651,28.6665117565501,7.68413860075645,147.38409211096,Medio,0.939662093789159,Guanajuato,,Guanajuato,-0.38845883036019513
11003_0113,21355.0,Villa de Los Frailes,37790,Fraccionamiento,11,Guanajuato,11003,San Miguel de Allende,110030001.0,San Miguel de Allende,,,362.152755737305,10.2657819701639,3.66721806190682,41.844421270746,0.0,0.0,0.0,0.541760120698652,1.75924959324213,0.270120462437017,3.3234052664333,1.76563982462628,150.879711128725,Bajo,0.961948764204374,Guanajuato,,Guanajuato,0.6303808184594047
11003_0114,21356.0,Villas de Allende,37700,Fraccionamiento,11,Guanajuato,11003,San Miguel de Allende,110030001.0,San Miguel de Allende,,,41.9802627563477,3.28282828282828,27.2412101002591,42.3652708468159,0.0,0.788584283059125,0.037551632526625,3.1543371322365,20.3154340574367,4.506195903195,22.7562898848231,6.04581254994244,148.700995100574,Medio,0.948058141169948,Guanajuato,,Guanajuato,-0.004631825000309648
11003_0115,21357.0,Villas de San Miguel,37750,Colonia,11,Guanajuato,11003,San Miguel de Allende,110030001.0,San Miguel de Allende,,,27.1230030059814,3.28282828282828,27.2412072954068,42.3652676388517,0.0,0.788584298165584,0.0375516332459802,3.15433719266234,20.3154338080602,4.50619598951762,22.7562893030942,6.04581317458772,148.700995484739,Medio,0.948058143619227,Guanajuato,,Guanajuato,-0.004631713030863633
11003_0116,21358.0,Villas del Sol,37736,Colonia,11,Guanajuato,11003,San Miguel de Allende,110030001.0,San Miguel de Allende,,,39.7532920837402,6.31067961165049,39.3495938578858,34.6808062251757,0.508512032728622,5.37253987160144,46.8052177312001,15.1669235060605,34.4903813502891,15.6975447576034,71.9655093424008,11.2757009947458,137.147977731258,Muy alto,0.874400717662794,Guanajuato,,Guanajuato,-3.371895848780138
11003_0117,21359.0,Villas del Sol,37765,Residencial,11,Guanajuato,11003,San Miguel de Allende,110030001.0,San Miguel de Allende,,,39.75652551651,10.119192996582,2.88068657920383,60.8187335019558,0.0,0.0,0.0,0.131814630920461,1.59276013542255,0.142799185857229,5.87133596230466,0.538243088058864,149.679690407433,Medio,0.95429791147387,Guanajuato,,Guanajuato,0.2806205373635773
11003_0118,21361.0,Vista Antigua,37717,Fraccionamiento,11,Guanajuato,11003,San Miguel de Allende,110030001.0,San Miguel de Allende,,,661.830341339111,6.75286903385526,22.0070519995289,30.5294485356895,0.0003402855597824,0.109795899419021,0.0095544410610591,0.375015931295411,14.3160144184705,1.13675610499227,20.3038443806111,7.40766043233808,150.168928065168,Bajo,0.957417095337224,Guanajuato,,Guanajuato,0.42321465899493094
11003_0119,21363.0,Zona Centro,37700,Colonia,11,Guanajuato,11003,San Miguel de Allende,110030001.0,San Miguel de Allende,,,10398.4701328278,6.97591164659929,26.7285457150086,37.0515062122403,0.0070054491448597,0.125532681294753,0.0360423967386153,1.92312303315815,15.9056801837816,2.97200268511036,21.335480382743,8.22588557588924,148.915202365748,Medio,0.949423841120429,Guanajuato,,Guanajuato,0.05780142465171343
11003_0120,21364.0,Zona Centro,37880,Colonia,11,Guanajuato,11003,San Miguel de Allende,110030244.0,Los Rodríguez,,,2557.62255859375,12.5754999139135,39.3233498682581,26.6149845729433,0.215085516103103,0.314896012688527,0.499948762279855,1.58023238696136,23.1079155992676,8.35905210536702,65.5090607889299,13.3201259227778,145.997852632217,Alto,0.930823984652469,Guanajuato,,Guanajuato,-0.7924947783638847
11003_0121,100636.0,Adolfo Lopez Mateos,37736,Colonia,11,Guanajuato,11003,San Miguel de Allende,110030001.0,San Miguel de Allende,,,199.569126158953,6.25524685583837,39.2520690714897,35.285774660682,0.483905025058348,5.13034103516298,44.6960154526048,14.6396923454431,34.2781607470597,15.0893910005198,70.2825054514032,11.160053617502,137.598278299516,Muy alto,0.87727165419837,Guanajuato,,Guanajuato,-3.240650403983187
